Season,Increase_Factor
2019-20,1
2018-19,1.133754769
2017-18,1.01113921
2016-17,1.373150942
2015-16,1.626671813
2014-15,1.797814919
2013-14,1.832839078
2012-13,2.679197968
2011-12,2.657983472
2010-11,2.753791016
2009-10,2.306933257
2008-09,2.599778966
2007-08,2.546310439
2006-07,3.458125829
2005-06,3.877609971
2004-05,3.58781735
2003-04,4.200753077
2002-03,3.832360894
2001-02,2.532225189
2000-01,2.551427265